{"cameraMode":{"drawMode":0,"name":"Shaded","section":"Shading Mode"},"sceneLighting":true,"audioPlay":false,"sceneViewState":{"showFog":true,"showMaterialUpdate":false,"showSkybox":true,"showFlares":true,"showImageEffects":true,"showParticleSystems":true},"in2DMode":false,"pivot":{"x":0.8284277319908142,"y":0.56982421875,"z":8.63892936706543},"rotation":{"x":-0.216070756316185,"y":0.01376437023282051,"z":-0.0030442015267908575,"w":-0.976280152797699},"size":39.86022186279297,"orthographic":true}