{"cameraMode":{"drawMode":0,"name":"Shaded","section":"Shading Mode"},"sceneLighting":false,"audioPlay":false,"sceneViewState":{"showFog":true,"showMaterialUpdate":false,"showSkybox":false,"showFlares":true,"showImageEffects":true,"showParticleSystems":true},"in2DMode":false,"pivot":{"x":0.0,"y":-0.1399998664855957,"z":8.779999732971192},"rotation":{"x":0.010185107588768006,"y":0.032090283930301669,"z":0.0003288950538262725,"w":-0.9994367957115173},"size":12.812154769897461,"orthographic":true}